"filename", "language", "JSON", "JSON with Comments", "JavaScript", "CSS", "Django HTML", "Vue", "comment", "blank", "total"
"e:\project\multi_outcome\frontend\PC_5_top_with_edges_nodes_3outcomes.json", "JSON", 46, 0, 0, 0, 0, 0, 0, 8, 54
"e:\project\multi_outcome\frontend\dagre-d3.min.js", "JavaScript", 0, 0, 1035, 0, 0, 0, 3781, 0, 4816
"e:\project\multi_outcome\frontend\jsconfig.json", "JSON with Comments", 0, 9, 0, 0, 0, 0, 12, 0, 21
"e:\project\multi_outcome\frontend\package-lock.json", "JSON", 22396, 0, 0, 0, 0, 0, 0, 1, 22397
"e:\project\multi_outcome\frontend\package.json", "JSON", 73, 0, 0, 0, 0, 0, 0, 1, 74
"e:\project\multi_outcome\frontend\public\index.html", "Django HTML", 0, 0, 0, 0, 47, 0, 0, 8, 55
"e:\project\multi_outcome\frontend\public\jquery.tipsy.js", "JavaScript", 0, 0, 223, 0, 0, 0, 24, 41, 288
"e:\project\multi_outcome\frontend\public\tipsy.css", "CSS", 0, 0, 0, 105, 0, 0, 4, 16, 125
"e:\project\multi_outcome\frontend\src\App.vue", "Vue", 0, 0, 0, 0, 0, 51, 6, 4, 61
"e:\project\multi_outcome\frontend\src\babel.config.js", "JavaScript", 0, 0, 15, 0, 0, 0, 11, 1, 27
"e:\project\multi_outcome\frontend\src\componentsInteraction\bus.js", "JavaScript", 0, 0, 2, 0, 0, 0, 14, 5, 21
"e:\project\multi_outcome\frontend\src\components\AppHeader.vue", "Vue", 0, 0, 0, 0, 0, 13, 5, 3, 21
"e:\project\multi_outcome\frontend\src\components\AppMainCharacter.vue", "Vue", 0, 0, 0, 0, 0, 17, 7, 2, 26
"e:\project\multi_outcome\frontend\src\components\AppMainPlot.vue", "Vue", 0, 0, 0, 0, 0, 58, 0, 5, 63
"e:\project\multi_outcome\frontend\src\components\AppNavbar.vue", "Vue", 0, 0, 0, 0, 0, 75, 2, 3, 80
"e:\project\multi_outcome\frontend\src\components\CausalAnalysisHistory.vue", "Vue", 0, 0, 0, 0, 0, 515, 13, 6, 534
"e:\project\multi_outcome\frontend\src\components\CausalGraphView.vue", "Vue", 0, 0, 0, 0, 0, 150, 16, 15, 181
"e:\project\multi_outcome\frontend\src\components\DirectedGraphView.vue", "Vue", 0, 0, 0, 0, 0, 300, 0, 14, 314
"e:\project\multi_outcome\frontend\src\components\ForceDirectedGraphView copy.vue", "Vue", 0, 0, 0, 0, 0, 141, 36, 19, 196
"e:\project\multi_outcome\frontend\src\components\MultiOutcomesView.vue", "Vue", 0, 0, 0, 0, 0, 145, 15, 15, 175
"e:\project\multi_outcome\frontend\src\components\OutcomeSelector.vue", "Vue", 0, 0, 0, 0, 0, 368, 12, 8, 388
"e:\project\multi_outcome\frontend\src\components\VariablesCheckbox.vue", "Vue", 0, 0, 0, 0, 0, 42, 0, 1, 43
"e:\project\multi_outcome\frontend\src\components\upload.vue", "Vue", 0, 0, 0, 0, 0, 41, 0, 2, 43
"e:\project\multi_outcome\frontend\src\main.js", "JavaScript", 0, 0, 22, 0, 0, 0, 28, 8, 58
"e:\project\multi_outcome\frontend\src\pages\dimensionView.vue", "Vue", 0, 0, 0, 0, 0, 28, 0, 2, 30
"e:\project\multi_outcome\frontend\src\pages\populationControl.vue", "Vue", 0, 0, 0, 0, 0, 18, 0, 3, 21
"e:\project\multi_outcome\frontend\src\pages\redirect.vue", "Vue", 0, 0, 0, 0, 0, 21, 1, 3, 25
"e:\project\multi_outcome\frontend\src\pages\test.vue", "Vue", 0, 0, 0, 0, 0, 8, 0, 5, 13
"e:\project\multi_outcome\frontend\src\plugin\charts.js", "JavaScript", 0, 0, 470, 0, 0, 0, 7, 4, 481
"e:\project\multi_outcome\frontend\src\plugin\dagre\dagre.js", "JavaScript", 0, 0, 3118, 0, 0, 0, 843, 580, 4541
"e:\project\multi_outcome\frontend\src\plugin\dagre\dagre_fixed.js", "JavaScript", 0, 0, 3034, 0, 0, 0, 742, 607, 4383
"e:\project\multi_outcome\frontend\src\plugin\dagre\optimate.js", "JavaScript", 0, 0, 143, 0, 0, 0, 15, 24, 182
"e:\project\multi_outcome\frontend\src\plugin\dagre\origin.js", "JavaScript", 0, 0, 3012, 0, 0, 0, 742, 597, 4351
"e:\project\multi_outcome\frontend\src\plugin\dagre\temp.js", "JavaScript", 0, 0, 3116, 0, 0, 0, 862, 583, 4561
"e:\project\multi_outcome\frontend\src\plugin\extracted\CountPos.js", "JavaScript", 0, 0, 59, 0, 0, 0, 17, 4, 80
"e:\project\multi_outcome\frontend\src\plugin\history.js", "JavaScript", 0, 0, 151, 0, 0, 0, 0, 3, 154
"e:\project\multi_outcome\frontend\src\plugin\joint\linkAndNode.js", "JavaScript", 0, 0, 52, 0, 0, 0, 0, 1, 53
"e:\project\multi_outcome\frontend\src\plugin\links.js", "JavaScript", 0, 0, 26, 0, 0, 0, 0, 1, 27
"e:\project\multi_outcome\frontend\src\plugin\optimal\CountPos.js", "JavaScript", 0, 0, 143, 0, 0, 0, 2, 7, 152
"e:\project\multi_outcome\frontend\src\plugin\optimal\GetSonPos.js", "JavaScript", 0, 0, 56, 0, 0, 0, 0, 2, 58
"e:\project\multi_outcome\frontend\src\plugin\original\CountPos.js", "JavaScript", 0, 0, 67, 0, 0, 0, 1, 3, 71
"e:\project\multi_outcome\frontend\src\plugin\request\edge.js", "JavaScript", 0, 0, 14, 0, 0, 0, 3, 1, 18
"e:\project\multi_outcome\frontend\src\plugin\singleGraph.js", "JavaScript", 0, 0, 234, 0, 0, 0, 19, 13, 266
"e:\project\multi_outcome\frontend\src\plugin\sonGraph.js", "JavaScript", 0, 0, 395, 0, 0, 0, 36, 27, 458
"e:\project\multi_outcome\frontend\src\plugin\superGraph.js", "JavaScript", 0, 0, 578, 0, 0, 0, 12, 20, 610
"e:\project\multi_outcome\frontend\src\plugin\super\anchor.js", "JavaScript", 0, 0, 65, 0, 0, 0, 0, 3, 68
"e:\project\multi_outcome\frontend\src\plugin\tightened\CountPos.js", "JavaScript", 0, 0, 320, 0, 0, 0, 4, 12, 336
"e:\project\multi_outcome\frontend\src\plugin\variable.js", "JavaScript", 0, 0, 126, 0, 0, 0, 0, 1, 127
"e:\project\multi_outcome\frontend\src\router\index.js", "JavaScript", 0, 0, 103, 0, 0, 0, 8, 3, 114
"e:\project\multi_outcome\frontend\src\store\index.js", "JavaScript", 0, 0, 26, 0, 0, 0, 33, 8, 67
"e:\project\multi_outcome\frontend\src\views\DirectedGraph\AnchoredSuperGraph.vue", "Vue", 0, 0, 0, 0, 0, 801, 15, 24, 840
"e:\project\multi_outcome\frontend\src\views\DirectedGraph\ExtractedSubGraph.vue", "Vue", 0, 0, 0, 0, 0, 755, 4, 20, 779
"e:\project\multi_outcome\frontend\src\views\DirectedGraph\MultipleDirectedGraph.vue", "Vue", 0, 0, 0, 0, 0, 120, 0, 2, 122
"e:\project\multi_outcome\frontend\src\views\DirectedGraph\OptimalSubGraph.vue", "Vue", 0, 0, 0, 0, 0, 843, 17, 20, 880
"e:\project\multi_outcome\frontend\src\views\DirectedGraph\OriginalSubGraph.vue", "Vue", 0, 0, 0, 0, 0, 694, 5, 18, 717
"e:\project\multi_outcome\frontend\src\views\DirectedGraph\SimpleDirectedGraph.vue", "Vue", 0, 0, 0, 0, 0, 914, 25, 30, 969
"e:\project\multi_outcome\frontend\src\views\DirectedGraph\SuperGraph.vue", "Vue", 0, 0, 0, 0, 0, 774, 15, 28, 817
"e:\project\multi_outcome\frontend\src\views\DirectedGraph\TightenedSubGraph.vue", "Vue", 0, 0, 0, 0, 0, 696, 5, 17, 718
"e:\project\multi_outcome\frontend\src\views\DirectedGraph\temp.vue", "Vue", 0, 0, 0, 0, 0, 798, 35, 24, 857
"e:\project\multi_outcome\frontend\src\views\Layout\index.vue", "Vue", 0, 0, 0, 0, 0, 44, 5, 7, 56
"e:\project\multi_outcome\frontend\vue.config.js", "JavaScript", 0, 0, 9, 0, 0, 0, 30, 4, 43
"Total", "-", 22515, 9, 16614, 105, 47, 8430, 7489, 2897, 58106